{"Train/Max_Score_Seen":-21.41999999999951,"Train/Rolling_Score":-29.36199999999946,"Train/Max_Rolling_Score_Seen":-21.41999999999951,"_timestamp":1.7719581930353472e+09,"_wandb":{"runtime":125434},"_runtime":125434.4721805,"_step":60,"Train/Score":-29.36199999999946}