{"_runtime":34842.1159151,"Train/Max_Rolling_Score_Seen":39000,"_timestamp":1.7720415175499792e+09,"_step":26,"Train/Score":7030,"Train/Max_Score_Seen":39000,"Train/Rolling_Score":7030,"_wandb":{"runtime":34842}}