{"Train/Rolling_Score":-10070,"Train/Max_Rolling_Score_Seen":-7274,"_wandb":{"runtime":55138},"_runtime":55138.4564388,"_timestamp":1.7720013023081093e+09,"_step":35,"Train/Score":-10070,"Train/Max_Score_Seen":-7274}