{"Train/Max_Rolling_Score_Seen":24200,"_timestamp":1.7720497460844724e+09,"_step":8,"Train/Score":10260,"Train/Max_Score_Seen":24200,"_wandb":{"runtime":7343},"_runtime":7343.4443891,"Train/Rolling_Score":10260}