{"_runtime":44666.517591,"Train/Score":-31.009999999999497,"Train/Max_Score_Seen":-22.48599999999945,"Train/Rolling_Score":-31.009999999999497,"Train/Max_Rolling_Score_Seen":-22.48599999999945,"_timestamp":1.7718333521782336e+09,"_step":10,"_wandb":{"runtime":44666}}