{"Train/Rolling_Score":-2.8727999999999443,"Train/Max_Rolling_Score_Seen":-Infinity,"_timestamp":1.7717052172446108e+09,"_step":1,"Train/Score":-2.8727999999999443,"Train/Max_Score_Seen":-2.8727999999999443,"_wandb":{"runtime":1424},"_runtime":1424.4202149}