{"_runtime":10308.288793,"Train/Max_Score_Seen":15806,"Train/Rolling_Score":15806,"Train/Max_Rolling_Score_Seen":15806,"_timestamp":1.7717018676308184e+09,"_step":5,"Train/Score":15806,"_wandb":{"runtime":10308}}